,Transformador,Capacidad,Total_consumo,Total_usuarios,Demanda_AP,Demanda_usuarios,Cargabilidad
1,0020062,150.0,93.0,1.0,0.0,1.0343191477498828,0.6986282659573676
2,0020082,50.0,1585.0,1.0,0.0,12.722517473812234,25.780177251899154
3,0020184,15.0,342.0,9.0,0.0,2.4005560586822154,16.21449549937329
4,0020394,15.0,52.0,1.0,0.0,0.618315472479585,4.176396301787133
5,0021203,5.0,39.0,1.0,0.0,0.47933521076381275,9.712972862488607
6,0021651,5.0,144.0,2.0,0.3,1.4886925690565294,36.245036860314684
7,0021657,10.0,481.0,6.0,0.4,3.592703565340697,40.45292366099997
8,0021660,5.0,142.0,4.0,0.7,1.3356795626336941,41.24983916177699
9,0021674,10.0,586.0,15.0,0.75,3.4430593166624446,42.48287048290218
10,0300002,15.0,316.0,10.0,1.5,2.1811014110653453,24.86390686298781
11,0300006,15.0,1376.0,21.0,1.5,6.9181780888954645,56.86037209655835
12,0300023,10.0,412.0,8.0,0.1,2.9154416303676713,30.551586933816328
13,0300028,10.0,1040.0,14.0,0.55,5.800596059730984,64.34241195269487
14,0300031,10.0,536.0,11.0,0.15,3.4031877034514655,35.999875414908466
15,0300040,25.0,1192.0,21.0,0.75,6.092827878402836,27.731825241754144
16,0300041,25.0,802.0,13.0,2.05,4.681594466310331,27.281031271774392
17,0300045,25.0,38.0,1.0,0.0,0.4684417968071034,1.8984469982050796
18,0300055,37.5,564.0,17.0,1.65,3.2511522432470934,13.241883804787824
19,0300063,50.0,104.0,1.0,0.0,1.1418831394758733,2.3138462805995403
20,0300070,50.0,740.0,6.0,1.22,5.260088659813655,13.130878743290081
21,0300089,5.0,320.0,3.0,0.15,2.881299326782575,61.42450510197721
22,0301042,37.5,131.0,1.0,0.0,1.4006584697513338,3.784284957112688
23,0301048,5.0,208.0,9.0,0.0,1.545912111942615,31.325473392960788
24,0301072,5.0,125.0,2.0,1.05,1.3134682420125725,47.891960324469565
25,0301078,45.0,1519.0,28.0,2.25,7.290081904297214,21.47941439670655
26,0301089,5.0,609.0,6.0,0.4,4.426997700055817,97.81150354723034
27,0301092,5.0,54.0,3.0,0.15,0.5966218087382469,15.129114665415338
28,0301103,5.0,85.0,4.0,0.0,0.8481308202167078,17.186034857481417
29,0301117,15.0,425.0,12.0,1.525,2.716455609333498,28.648805196443757
30,0301120,15.0,484.0,13.0,1.3,2.994246980215443,29.005383182812857
31,0301123,15.0,672.0,16.0,0.925,3.838762089501665,32.176711175289874
32,0301129,15.0,1386.0,10.0,1.05,8.070738006345154,61.60579538227056
33,0301160,25.0,2107.0,34.0,1.9,9.578949230546824,46.52056425753525
34,0301204,10.0,101.0,5.0,0.75,0.9423352171842305,17.146253466912164
35,0301213,25.0,3622.0,36.0,1.95,15.41282413828434,70.36605527166905
36,0301224,150.0,12327.0,1.0,0.0,78.15485300132424,52.78949881886136
37,0301239,37.5,1961.0,26.0,1.2,9.210591779196728,28.12723209509416
38,0301251,25.0,453.0,19.0,0.8,2.6279017103324485,13.892205512998776
39,0301254,25.0,714.0,22.0,1.5,3.8457724969051115,21.664731497082514
40,0301257,25.0,297.0,6.0,2.7,2.3448358750716602,20.44513019279295
41,0301267,15.0,582.0,14.0,1.2,3.4702036270833494,31.54477289485545
42,0301284,15.0,56.0,1.0,0.0,0.6602274229109832,4.459489516453788
43,0301286,10.0,151.0,5.0,0.15,1.3451651415689063,15.148582994619112
44,0301351,5.0,118.0,5.0,0.95,1.0814254418104017,41.16363610558058
45,0301353,5.0,112.0,4.0,0.6,1.0826424363228564,34.09609800046315
46,0301363,75.0,9.0,1.0,0.0,0.13093380111500963,0.17687781305641287
47,0301383,50.0,471.0,1.0,0.0,4.346810004387931,8.808125642123468
48,0301389,10.0,217.0,3.0,4.95,2.0431371068801307,70.8524529572455
49,0301390,10.0,68.0,1.0,2.4,0.7840026720838082,32.2593989066242
50,0301391,37.5,4711.0,42.0,5.45,19.29292808550403,66.85019408444181
51,0301392,37.5,4207.0,41.0,4.7,17.473074785552924,59.90699030206801
52,0301393,37.5,1867.0,11.0,1.6,10.269227753508025,32.06816009053164
53,0301394,37.5,2336.0,21.0,2.4,11.051287710277034,36.342553759613736
54,0301412,10.0,305.0,8.0,0.3,2.2342186489334526,25.675974153327786
55,0301419,37.5,6431.0,38.0,1.65,25.535710251342714,73.45007835553587
56,0301428,25.0,143.0,1.0,0.0,1.5136293777721874,6.134262929167933
57,0301438,37.5,2548.0,23.0,1.05,11.785837594456966,34.679736830684135
58,0301454,50.0,2396.0,3.0,0.45,17.11498319657748,35.59267111768486
59,0301468,10.0,310.0,8.0,1.35,2.266602762543178,36.64237854653676
60,0301471,15.0,203.0,11.0,0.9,1.4411495750792211,15.81323590056887
61,0301473,15.0,524.0,14.0,1.375,3.162323583978395,30.64723798702057
62,0301474,15.0,622.0,15.0,1.55,3.6296070099625917,34.98552522771085
63,0301477,15.0,295.0,13.0,1.35,1.9319325481859566,22.16773082192473
64,0301495,25.0,1943.0,25.0,1.15,9.176731895344885,41.85099045732476
65,0301507,25.0,2026.0,14.0,0.8,10.465838367033038,45.65689307814808
66,0301528,5.0,111.0,6.0,0.3,0.9813723747519404,25.964992396189267
67,0301530,5.0,10.0,1.0,0.3,0.14372991049511666,8.991487548026681
68,0301533,5.0,99.0,4.0,0.0,0.9706535411520945,19.66876476498672
69,0301542,5.0,124.0,4.0,0.25,1.184691540825493,29.071763745197426
70,0301552,125.0,54.0,1.0,0.0,0.6393160868895075,0.5181893308121641
71,0301607,15.0,446.0,1.0,0.0,4.141984840788776,27.976932393034627
72,0301641,50.0,63.0,1.0,0.0,0.7327630158068684,1.484828806092945
73,0301693,37.5,104.0,1.0,0.0,1.1418831394758733,3.0851283741327205
74,0301710,15.0,37.0,1.0,0.0,0.4575153619680326,3.090276001134972
75,0301761,50.0,0.0,1.0,0.0,0.0,0.0
76,0301841,5.0,1.0,1.0,0.0,0.018730404442715853,0.3795421366305137
77,0301864,25.0,56.0,1.0,0.0,0.6602274229109832,2.6756937098722724
78,0301974,15.0,1.0,1.0,0.0,0.018730404442715853,0.1265140455435046
79,0302025,5.0,0.0,1.0,0.0,0.0,0.0
80,0302042,15.0,89.0,1.0,0.0,0.9948493281995063,6.7196847564978475
81,0302279,10.0,437.0,9.0,0.0,2.9821179721974573,30.213961217806055
82,0302291,10.0,56.0,1.0,0.0,0.6602274229109832,6.689234274680682
83,0302292,10.0,56.0,1.0,0.0,0.6602274229109832,6.689234274680682
84,0302302,37.5,0.0,1.0,0.0,0.0,0.0
85,0302639,50.0,4.0,1.0,0.0,0.06388078545914035,0.12944434743493483
86,0302640,15.0,9779.0,6.0,0.35,51.65752293597476,351.28350513998487
87,0302641,25.0,1037.0,1.0,0.0,8.739998428263736,35.4204596890121
88,0302642,5.0,1277.0,5.0,0.0,8.899384075647902,180.33199748020067
89,0302643,5.0,3562.0,3.0,0.0,24.30970909472038,492.59795531348294
90,0302644,10.0,928.0,1.0,0.0,7.921859107435884,80.26199703582456
91,0302646,5.0,856.0,1.0,0.0,7.375414569335173,149.45115642016563
92,0302647,25.0,1186.0,22.0,1.15,6.0259513569749235,29.081869734447512
93,0302649,5.0,125.0,7.0,0.4,1.04929466922387,29.367673135235467
94,0302650,5.0,4.0,1.0,0.0,0.06388078545914035,1.2944434743493485
95,0302651,15.0,760.0,18.0,1.575,4.19141056485599,38.94907507501513
96,0302652,15.0,1495.0,19.0,1.2,7.559962900865189,59.16894900955886
97,0302732,10.0,12.0,1.0,0.0,0.16889724201768805,1.7112182575247017
98,0302733,5.0,27.0,1.0,0.0,0.34618168415231015,7.014826426591898
99,0302796,10.0,417.0,10.0,0.475,2.7878743700190385,33.05850425551205
100,0302797,25.0,880.0,25.0,3.25,4.5525715492772125,31.62136392817513
101,0302798,5.0,89.0,4.0,1.7,0.883359028039881,52.34770066950114
102,0302799,15.0,1608.0,1.0,0.0,12.885767897580308,87.03659505288962
103,0302800,10.0,132.0,2.0,0.6,1.3783583584145702,20.04415763337964
104,0302801,10.0,411.0,10.0,0.75,2.752344570264269,35.48474741909087
105,0302802,37.5,668.0,16.0,2.85,3.8185331026110676,18.016975623400384
106,0302803,37.5,446.0,12.0,1.75,2.834913155671492,12.387472220659214
107,0302821,25.0,57.0,1.0,0.0,0.67065073115603,2.7179360938440933
108,0302865,10.0,522.0,1.0,0.15,4.760861531259165,49.755435980336024
109,0302887,25.0,1610.0,25.0,1.2,7.770169906855164,36.3532721655731
110,0302888,10.0,444.0,12.0,0.95,2.823659585551672,38.23363308562991
111,0302889,25.0,1060.0,23.0,1.4,5.423375228984761,27.652989783119597
112,0302890,10.0,148.0,1.0,0.0,1.5603742445351638,15.809262862564985
113,0302891,3.0,118.0,5.0,0.4,1.0814254418104017,50.03125436711928
114,0302892,15.0,1678.0,34.0,1.4,7.830971419577244,62.350364198427854
115,0302893,25.0,4230.0,35.0,3.55,17.71406773799037,86.17656631404404
116,0302894,15.0,162.0,1.0,0.0,1.6903161580917654,11.417197960768426
117,0302895,10.0,682.0,14.0,1.35,3.9929814216591066,54.133550371419524
118,0302896,10.0,516.0,1.0,0.0,4.712399932203303,47.744680164167214
119,0302897,50.0,554.0,1.0,0.0,5.018261597059776,10.16871650873308
120,0302898,10.0,375.0,7.0,0.2,2.774276715948176,30.134515865736333
121,0302899,10.0,255.0,9.0,0.45,1.8513426577518297,23.316541618559576
122,0302900,5.0,88.0,3.0,0.0,0.9191741704054945,18.625616421590568
123,0302901,5.0,122.0,4.0,0.0,1.1677652465120039,23.662922928308085
124,0302902,25.0,625.0,22.0,0.75,3.4183339408946956,16.8929440360474
125,0302903,10.0,240.0,7.0,0.0,1.8690419707800991,18.936595448633227
126,0302971,15.0,28.0,1.0,0.0,0.357504911692243,2.4147579310519625
127,0302988,3.0,14.0,1.0,0.0,0.1935844490078243,6.537806450787717
128,0303054,5.0,367.0,1.0,0.0,3.4855925765825755,70.63004207867428
129,0303072,50.0,69.0,1.0,0.0,0.7941976550527767,1.6093164236125161
130,0303077,25.0,82.0,1.0,0.0,0.9252783797925254,3.7498617215502543
131,0303096,25.0,0.0,1.0,0.0,0.0,0.0
132,0303102,50.0,12.0,1.0,0.0,0.16889724201768805,0.3422436515049403
133,0303218,5.0,37.0,1.0,0.0,0.4575153619680326,9.270828003404917
134,0303264,10.0,12.0,1.0,0.0,0.16889724201768805,1.7112182575247017
135,0303265,25.0,26.0,1.0,0.25,0.33481011347898104,2.37005111845585
136,0303266,10.0,742.0,11.0,0.7,4.538188392281828,53.07181755098104
137,0303267,10.0,559.0,11.0,0.7,3.5321123924262925,42.87854500938493
138,0303268,10.0,370.0,7.0,0.0,2.7415150274847884,27.776241413219743
139,0303269,10.0,547.0,19.0,0.75,3.105138618645064,39.05915520410399
140,0303271,10.0,362.0,6.0,1.325,2.7937019908974063,41.729503453874436
141,0303272,5.0,314.0,6.0,1.7,2.463234342668115,84.36138485649677
142,0303273,5.0,389.0,9.0,1.2,2.69032127195854,78.83123144799474
143,0303274,10.0,278.0,5.0,0.85,2.308663573229094,32.00267044811646
144,0303275,10.0,524.0,8.0,1.3,3.606853506669975,49.714827828469865
145,0303276,5.0,472.0,10.0,1.2,3.110938741746564,87.3543817983093
146,0303277,5.0,212.0,4.0,0.3,1.9042954642354053,44.66657475654317
147,0303278,15.0,678.0,17.0,1.35,3.8264282915867516,34.96405465441912
148,0303279,10.0,368.0,14.0,0.7,2.312988308234363,30.526730579882106
149,0303281,10.0,343.0,8.0,0.4,2.4788806130959924,29.167990000972573
150,0303284,15.0,521.0,13.0,0.9,3.195956505678161,27.666035161622162
151,0303285,10.0,486.0,16.0,0.6,2.881658345643255,35.27516054349803
152,0303286,5.0,229.0,9.0,0.6,1.6832675463518851,46.26681958159848
153,0303287,5.0,74.0,2.0,0.0,0.8258939543097239,16.73543980364182
154,0303288,5.0,343.0,6.0,0.85,2.6635342679244065,71.19623643210551
155,0303289,10.0,492.0,13.0,1.0,3.0380057472786426,40.91191233311695
156,0303291,30.0,1089.0,12.0,1.15,6.2466630867414805,24.980287358127253
157,0303292,37.5,4610.0,58.0,4.15,18.785304749931466,61.966375548615915
158,0303294,15.0,52.0,1.0,0.0,0.618315472479585,4.176396301787133
159,0303295,25.0,2212.0,32.0,2.05,10.045986553672714,49.02122210201707
160,0303296,10.0,2345.0,39.0,1.8,10.442162927956716,124.03407221840645
161,0303297,10.0,153.0,9.0,0.15,1.178014577295666,13.455061573411003
162,0303298,25.0,207.0,1.0,0.25,2.0998144057124475,9.523057368642137
163,0303299,5.0,490.0,13.0,0.875,3.027073777851856,79.06937746407003
164,0303300,10.0,217.0,16.0,0.4,1.4116799775959277,18.35542023906715
165,0303301,25.0,2295.0,37.0,4.025,10.274927965688427,57.95310219123982
166,0303302,25.0,533.0,8.0,0.25,3.6616252537074963,15.852584614822678
167,0303303,10.0,15.0,1.0,0.5,0.20577277736434274,7.15068670075322
168,0303304,25.0,1926.0,35.0,3.8,8.829332788253916,51.18270633537554
169,0303305,25.0,664.0,14.0,0.65,3.899571325040124,18.437979027518235
170,0303306,25.0,639.0,12.0,1.05,3.897145933770089,20.049223642431972
171,0303307,10.0,236.0,10.0,0.0,1.6845345127356743,17.067218974018992
172,0303308,5.0,152.0,5.0,0.65,1.3530460616820894,40.5885726784618
173,0303309,10.0,141.0,5.0,0.35,1.2660181178984768,16.373030576478996
174,0303310,10.0,358.0,10.0,0.65,2.4357867807447318,31.264303756278945
175,0303311,5.0,110.0,1.0,0.0,1.1999956769887137,24.31602182347951
176,0303312,5.0,361.0,8.0,0.175,2.5936668326864867,56.10267138169173
177,0303313,10.0,450.0,7.0,0.0,3.260056896323301,33.029958422728484
178,0303314,5.0,131.0,5.0,0.15,1.1862223510437093,27.076440750632408
179,0303315,25.0,1014.0,19.0,1.8,5.361740598567352,29.024278008378325
180,0303316,15.0,298.0,12.0,0.75,1.9840828494971532,18.46729381625906
181,0303317,3.0,90.0,6.0,0.0,0.8151313814846133,27.528922035954515
182,0303318,5.0,731.0,1.0,0.25,6.413779626182068,135.03099546468223
183,0303320,5.0,208.0,9.0,0.55,1.545912111942615,42.47035687826981
184,0303321,10.0,553.0,13.0,0.6,3.369079168373017,40.213568068622266
185,0303322,15.0,2893.0,1.0,0.0,21.669082292925633,146.3632711443812
186,0303323,5.0,267.0,11.0,1.3,1.8366970598318806,63.56022411006851
187,0303324,3.0,24.0,2.0,0.0,0.3048885844662443,10.296811363263908
188,0303325,5.0,22.0,7.0,0.0,0.22551538607446672,4.569714003535293
189,0303326,5.0,208.0,8.0,0.15,1.5922320667772976,35.30358797927654
190,0303327,5.0,302.0,10.0,0.3,2.0953613801690723,48.53822452216965
191,0303328,10.0,115.0,5.0,0.0,1.0570574584797965,10.709802010940187
192,0303330,5.0,426.0,15.0,0.2,2.596465819301072,56.66597404865396
193,0303331,5.0,325.0,1.0,0.175,3.1301412048766,66.97347932880649
194,0303332,10.0,275.0,8.0,1.95,2.0385893392395475,40.41123950597313
195,0303333,5.0,309.0,9.0,0.6,2.1943808402244547,56.62372523251176
196,0303334,5.0,118.0,5.0,0.07,1.0814254418104017,23.331822529086157
197,0303335,5.0,49.0,3.0,0.2,0.5474622497435395,15.146144878288542
198,0303336,5.0,42.0,2.0,0.0,0.5002992329741354,10.137775744156746
199,0303337,15.0,351.0,13.0,0.07,2.253182000612971,15.691874370908279
200,0303338,10.0,256.0,11.0,0.35,1.7695687238297138,21.474860423806625
201,0303339,5.0,29.0,2.0,0.0,0.3604760729646884,7.304479695333099
202,0303340,5.0,559.0,14.0,0.0,3.3485560125879292,67.85321200786078
203,0303341,10.0,355.0,11.0,0.15,2.363345177180197,25.46449014366968
204,0303342,10.0,268.0,9.0,0.21,1.934630548195494,21.728779616975626
205,0303343,10.0,271.0,8.0,0.15,2.0123250670555204,21.90805539063344
206,0303344,5.0,58.0,2.0,0.07,0.6657144584335838,14.908094395817301
207,0303345,10.0,43.0,4.0,0.0,0.464030662683285,4.701425153832675
208,0303346,10.0,60.0,4.0,0.1,0.6231476372174455,7.326723781331768
209,0303348,10.0,442.0,15.0,0.5,2.6825870451562617,32.24505618192768
210,0303349,10.0,31.0,1.0,0.0,0.3912030698924707,3.9635569391334426
211,0303350,10.0,998.0,24.0,0.55,5.113942744596318,57.38543814180667
212,0303351,10.0,489.0,13.0,1.0,3.021605869892886,40.74575349435548
213,0303352,15.0,1127.0,17.0,0.25,5.999402027880888,42.211428759749325
214,0303353,10.0,125.0,4.0,0.0,1.1931428899168472,12.08858044495286
215,0303354,3.0,106.0,1.0,0.0,1.161295774700526,39.219715457633434
216,0303355,5.0,82.0,2.0,0.0,0.904439402496236,18.327039564260104
217,0303356,15.0,1156.0,16.0,1.5,6.204218347382008,52.0379489860318
218,0303357,5.0,271.0,6.0,0.0,2.162224653333113,43.81407605538223
219,0303358,10.0,207.0,3.0,0.3,1.9595863367775808,22.89347858943851
220,0303359,25.0,475.0,16.0,0.925,2.8238604771680387,15.192950262079187
221,0303360,10.0,184.0,6.0,0.1,1.5349236076292703,16.564575558553905
222,0303374,15.0,977.0,20.0,1.8,5.146658611780107,46.92103081242895
223,0303428,5.0,71.0,3.0,0.2,0.760141223510935,19.455749209948024
224,0303429,5.0,29.0,4.0,0.0,0.3274532643316454,6.635324505200516
225,0303430,3.0,710.0,3.0,0.3,5.833031013986664,207.1270183717212
226,0303431,15.0,300.0,8.0,0.4,2.201773422823461,17.573613122752185
227,0303433,15.0,446.0,12.0,0.4,2.834913155671492,21.85013951821339
228,0303434,25.0,738.0,28.0,1.45,3.8484305894522666,21.472869663433702
229,0303435,5.0,102.0,3.0,0.25,1.047470495698547,26.29119545488444
230,0303436,10.0,347.0,11.0,0.4,2.316149827397125,27.519248504530143
231,0303437,25.0,729.0,22.0,1.1,3.9171890731378283,20.333086415958775
232,0303461,10.0,32.0,1.0,0.0,0.40235081553189744,4.076502690292781
233,0303462,37.5,5987.0,27.0,1.7,24.63213559140376,71.14389892983117
234,0303463,37.5,6664.0,48.0,5.525,26.104555457906624,85.45641461102768
235,0303464,15.0,633.0,6.0,0.55,4.581052571825671,34.65756549696501
236,0303466,50.0,4542.0,1.0,0.0,32.300620485152564,65.45211851094744
237,0303467,45.0,7250.0,60.0,3.275,28.040863313042802,70.50740360923741
238,0303469,50.0,133.0,1.0,0.0,1.4195668771972334,2.8765286265394803
239,0303470,37.5,3447.0,14.0,1.25,16.750726735413192,48.63418233141017
240,0303471,15.0,1609.0,1.0,0.0,12.892859624504876,87.0844959439708
241,0303472,5.0,244.0,1.0,0.25,2.428774259026853,54.281140000544134
242,0303473,25.0,3652.0,39.0,1.65,15.454457906188532,69.31897834321593
243,0303474,150.0,21662.0,156.0,5.35,76.50704939139536,55.29013805565373
244,0303475,50.0,1971.0,5.0,0.1,13.067083571497808,26.681020408303556
245,0303476,112.5,2490.0,11.0,1.35,13.249866015580068,13.148590355132336
246,0303477,25.0,963.0,11.0,0.6,5.71589613580566,25.596336923224555
247,0303478,25.0,1895.0,24.0,1.65,9.020061258474923,43.242396184295536
248,0303479,25.0,1599.0,16.0,1.2,8.267520509395286,38.36887744435779
249,0303480,50.0,3066.0,38.0,1.85,13.256772825758272,30.61149508765607
250,0303481,10.0,2097.0,18.0,0.4,10.290933825427164,108.31746530321342
251,0303482,25.0,1115.0,14.0,1.05,6.169306904095748,29.257576105757842
252,0303483,10.0,185.0,5.0,0.55,1.6100078213492257,21.884577723903
253,0303484,10.0,2009.0,19.0,0.75,9.819727876117192,107.08944150068078
254,0303485,25.0,3339.0,26.0,1.6,14.751812880026797,66.2687452078087
255,0303486,37.5,466.0,6.0,3.0,3.4933695358999426,17.54372046173574
256,0303487,50.0,2094.0,12.0,2.45,11.141477018716188,27.54098686669947
257,0303491,15.0,475.0,12.0,0.6,2.997452115031558,24.298899797578912
258,0303494,10.0,190.0,1.0,0.0,1.9464537640605153,19.720909463632374
259,0303509,10.0,1414.0,15.0,2.2,7.5076296696255715,98.35491053318715
260,0303510,37.5,3482.0,41.0,4.85,14.779921287903196,53.035923776840775
261,0303511,5.0,564.0,11.0,0.7,3.5600579835815167,86.32336339577542
262,0303512,15.0,1807.0,23.0,1.65,8.695247083986724,69.87671113803934
263,0303513,25.0,1357.0,16.0,3.0,7.1499426070787475,41.1345191776241
264,0303514,15.0,917.0,21.0,1.65,4.8307135496202385,43.77381661344302
265,0303516,3.0,2.0,1.0,0.0,0.03459064827042217,1.1682083171368516
266,0303517,5.0,283.0,9.0,0.0,2.030157555825615,41.13794439362948
267,0303518,5.0,149.0,5.0,0.3,1.3293852436189646,33.01692489602765
268,0303519,5.0,387.0,5.0,1.05,3.093892432622231,83.96945152223365
269,0303520,15.0,550.0,10.0,0.17,3.5618347839712827,25.206584153808052
270,0303521,10.0,481.0,11.0,0.65,3.092241874966191,37.91531788212959
271,0303522,25.0,3084.0,36.0,2.95,13.36838872060332,66.13328762149268
272,0303523,25.0,2878.0,31.0,1.95,12.714053994113408,59.42879024969972
273,0303524,25.0,764.0,16.0,1.05,4.300381777185131,21.6834114576905
274,0303525,10.0,84.0,1.0,0.1,0.9452230926499557,10.5898996215801
275,0303526,15.0,623.0,7.0,0.6,4.347644509912186,33.41874035739403
276,0303527,5.0,366.0,8.0,1.2,2.6254338193730815,77.51638945031574
277,0303528,5.0,534.0,12.0,0.75,3.324699681690206,82.56736943647833
278,0303529,25.0,671.0,16.0,1.9,3.8337061441116607,23.23690433277269
279,0303530,15.0,299.0,11.0,1.95,2.030224508237067,26.884326296771814
280,0303531,5.0,163.0,4.0,0.3,1.5090829972361168,36.65821676263661
281,0303532,5.0,46.0,5.0,0.0,0.46980938407685346,9.519946992438774
282,0303533,3.0,21.0,3.0,0.35,0.2586394230300272,20.555198346167757
283,0303534,3.0,3.0,3.0,0.15,0.046215,6.626646403242148
284,0303535,10.0,62.0,3.0,0.0,0.6742132638089285,6.830934790364019
285,0303536,5.0,18.0,2.0,0.2,0.2363580411606682,8.842108230206044
286,0303537,5.0,10.0,3.0,0.0,0.13413145848808175,2.717962684662244
287,0303538,5.0,51.0,4.0,0.0,0.5396680433444327,10.935522661488
288,0303539,5.0,0.0,2.0,0.0,0.0,0.0
289,0303551,5.0,104.0,4.0,0.1,1.0139151242611613,22.57173504075302
290,0303552,5.0,535.0,12.0,0.4,3.330209124782943,75.58681103916804
291,0303553,10.0,163.0,4.0,0.0,1.5090829972361168,15.289594703506756
292,0303554,15.0,556.0,8.0,0.95,3.801119342845213,32.09131606109567
293,0303555,5.0,150.0,4.0,0.3,1.4020640710467582,34.48964682972155
294,0303556,15.0,561.0,5.0,0.25,4.297472817899348,30.715790732180672
295,0303557,15.0,66.0,2.0,0.4,0.746363852977529,7.743085801942108
296,0303559,25.0,4651.0,59.0,2.4,18.93169474280213,86.45063725553041
297,0303560,5.0,401.0,1.0,0.0,3.7699008211178784,76.3911007318719
298,0303561,5.0,107.0,4.0,0.15,1.0397567281389597,24.10854565631124
299,0303562,15.0,158.0,8.0,0.675,1.2483369819418315,12.991131252562186
300,0303563,5.0,194.0,3.0,0.15,1.8502703009413821,40.532326260210375
301,0303564,10.0,237.0,1.0,0.45,2.3670064499051175,28.54109878323321
302,0303565,25.0,113.0,1.0,0.85,1.2289142427923991,8.425184367952985
303,0303566,10.0,212.0,6.0,0.15,1.7399238021239507,19.14816415525786
304,0303567,37.5,1121.0,19.0,3.66,5.859535313167404,25.719784702917675
305,0303568,10.0,997.0,10.0,1.45,6.029731944113682,75.78249183499173
306,0303569,37.5,451.0,9.0,0.7,3.066514255304837,10.17633030815221
307,0303570,37.5,1163.0,2.0,0.15,9.4556690317358,25.952499916881592
308,0303571,37.5,4289.0,39.0,2.0,17.817597601468826,53.54298575202654
309,0303572,37.5,2242.0,21.0,0.7,10.656802981837155,30.683695999560022
310,0303573,25.0,1671.0,20.0,0.8,8.275663643086734,36.780805037838846
311,0303574,37.5,4152.0,38.0,1.25,17.33721005436687,50.218737060092856
312,0303575,50.0,3778.0,47.0,2.85,15.806574751359506,37.80460942524723
313,0303576,5.0,14.0,3.0,0.0,0.18065665244335746,3.660722440594883
314,0303577,25.0,851.0,20.0,1.5,4.554663884723268,24.537644922890646
315,0303578,5.0,138.0,1.0,0.0,1.4666961317969998,29.72028635860182
316,0303579,15.0,233.0,8.0,0.425,1.7604767943765036,14.76174802010472
317,0303580,10.0,12.0,1.0,0.15,0.16889724201768805,3.2309750964304764
318,0303581,50.0,4648.0,57.0,2.1,18.92428311936798,42.60239740500097
319,0303582,15.0,3837.0,3.0,1.15,25.96350910227124,183.13751504404755
320,0303584,15.0,1583.0,1.0,0.15,12.70830896242068,86.85112436623223
321,0303585,50.0,2558.0,22.0,1.14,11.89741607242017,26.418269650294164
322,0303586,100.0,2346.0,1.0,0.0,18.000619093817065,18.237709314910905
323,0303588,5.0,119.0,1.0,0.25,1.2864894111397214,31.13453720647865
324,0303589,150.0,4605.0,1.0,0.0,32.69680985332744,22.084977948887154
325,0303590,75.0,7265.0,1.0,0.0,48.948645393044046,66.12447874777986
326,0303591,10.0,783.0,6.0,1.87,5.529707402819634,74.97170620891221
327,0303593,15.0,47.0,2.0,0.0,0.5526635461352308,3.7329520171241533
328,0303594,37.5,47.0,1.0,0.15,0.5653973379831005,1.9328533278840945
329,0303595,25.0,1667.0,16.0,2.405,8.577927995520357,44.510346486404686
330,0303596,10.0,39.0,1.0,0.0,0.47933521076381275,4.856486431244304
331,0303597,25.0,1267.0,16.0,1.48,6.72863073012137,33.26699384041083
332,0303598,25.0,300.0,6.0,1.2,2.365785157588145,14.451003678168775
333,0303599,10.0,258.0,3.0,1.55,2.381299861577888,39.83079900281549
334,0303600,5.0,321.0,5.0,0.175,2.6220318323212304,56.67744341076455
335,0303601,10.0,237.0,3.0,0.65,2.2089349828632705,28.965906614622806
336,0303603,25.0,1602.0,19.0,1.05,8.0368993906666,36.82633998243809
337,0303605,10.0,533.0,16.0,0.6,3.126964642113061,37.760533354742265
338,0303606,10.0,368.0,8.0,0.425,2.6381266081399093,31.03471740769918
339,0303607,10.0,209.0,6.0,0.0,1.7181158945655692,17.407455871991584
340,0303608,10.0,129.0,1.0,0.0,1.3817168338114925,13.999157384108335
341,0303609,10.0,461.0,7.0,0.0,3.3304845549109996,33.74351119464033
342,0303610,15.0,430.0,11.0,0.25,2.8002360840724534,20.60274288465014
343,0303611,10.0,0.0,1.0,0.0,0.0,0.0
344,0303613,10.0,196.0,1.0,0.0,2.0007543890616155,20.271067771647573
345,0303614,5.0,96.0,3.0,0.0,0.9927518114558381,20.116551397281423
346,0303615,5.0,15.0,5.0,0.0,0.17426965460699306,3.5312999920363337
347,0303616,3.0,2.0,1.0,0.0,0.03459064827042217,1.1682083171368516
348,0303617,3.0,0.0,1.0,0.0,0.0,0.0
349,0303618,3.0,15.0,2.0,0.175,0.2011383945349812,12.70308661043503
350,0303619,5.0,6.0,3.0,0.0,0.08534822698071798,1.7294473552323806
351,0303620,5.0,26.0,2.0,0.2,0.32726957162073406,10.684287165567055
352,0303621,75.0,216.0,1.0,0.6,2.180412810202195,3.7560456740320096
353,0303622,10.0,125.0,2.0,0.25,1.3134682420125725,15.840610354737311
354,0303623,15.0,1246.0,9.0,0.8,7.53758488180298,56.31600730701102
355,0303624,37.5,2432.0,10.0,1.125,13.274878370034921,38.90544645737229
356,0303625,25.0,338.0,1.0,0.25,3.240697058102289,14.14669527093126
357,0303626,15.0,1147.0,21.0,0.15,5.888816862861177,40.78903656103463
358,0303627,10.0,1079.0,18.0,0.75,5.715630605927121,65.50790887464156
359,0303628,10.0,298.0,7.0,0.775,2.2636719985892455,30.786950340316572
360,0303629,5.0,142.0,5.0,0.6,1.2739611698339768,37.97287071598737
361,0303630,5.0,144.0,4.0,0.3,1.352315112941148,33.481562572262376
362,0303631,30.0,1655.0,2.0,0.1,12.920830919109934,43.974437416784646
363,0303632,50.0,339.0,1.0,0.25,3.249180873279213,7.090538750312487
364,0303633,5.0,253.0,2.0,0.0,2.451409564884178,49.6739526825568
365,0303634,5.0,572.0,9.0,0.4,3.784375601513752,84.78977915934655
366,0303635,3.0,211.0,2.0,0.0,2.0875850977986943,70.50270509282993
367,0303637,5.0,280.0,1.0,1.05,2.7433550149032517,76.86636301728981
368,0303638,10.0,219.0,8.0,0.85,1.666530845490172,25.496766418340144
369,0303641,5.0,11.0,2.0,0.0,0.15285749614193847,3.0974163351963218
370,0303642,3.0,31.0,1.0,0.0,0.3912030698924707,13.21185646377814
371,0303643,10.0,90.0,11.0,0.0,0.701584014818861,7.108247363919565
372,0303644,3.0,0.0,1.0,0.0,0.0,0.0
373,0303651,10.0,139.0,1.0,0.0,1.4760982092137185,14.955402322327444
374,0303652,15.0,426.0,8.0,0.45,3.002947986385292,23.3228502964221
375,0303653,25.0,1666.0,21.0,1.3,8.194015778670394,38.47625442216979
376,0303654,10.0,316.0,5.0,0.9,2.5858544393098866,35.31767415714171
377,0303655,25.0,781.0,13.0,0.8,4.572941442218604,21.774838671605284
378,0303656,10.0,316.0,4.0,1.4,2.7111288854918043,41.65277492899498
379,0303657,25.0,265.0,3.0,1.225,2.438390431129876,14.846567096777614
380,0303658,3.0,96.0,2.0,0.6,1.0398345808706468,55.38110708783002
381,0303660,15.0,1022.0,20.0,3.35,5.355903154206889,58.80380381092123
382,0303664,37.5,2140.0,24.0,0.35,10.044805267324929,28.084580256197032
383,0303665,25.0,2157.0,28.0,0.85,9.94285614943556,43.74004518514917
384,0303670,25.0,41.0,1.0,0.0,0.501026697739982,2.0305033343059047
385,0303677,50.0,147.0,1.0,0.0,1.551039994068946,3.142938184536871
386,0303679,50.0,741.0,1.0,0.0,6.491368581695898,13.153735727853896
387,0303680,30.0,12.0,1.0,0.0,0.16889724201768805,0.5704060858415673
388,0303681,50.0,238.0,4.0,0.0,2.109588275262619,4.274748278141072
389,0303684,30.0,101.0,1.0,0.0,1.112683302698467,3.757795686249467
390,0303693,50.0,4238.0,42.0,0.7,17.56833042571605,37.017893466496545
391,0303694,37.5,4124.0,41.0,1.1,17.167643003591497,49.355334018484285
392,0303697,37.5,2158.0,27.0,0.35,9.98406495456933,27.92047269049464
393,0303698,37.5,3681.0,40.0,3.6,15.543155651205812,51.7207852785027
394,0303699,50.0,5802.0,67.0,0.9,23.032281125442502,48.494997214675784
395,0303700,50.0,1084.0,3.0,4.62,8.482650265906553,26.55045646586941
396,0303709,50.0,292.0,1.0,0.0,2.847154132960748,5.7693092866479185
397,0303744,50.0,39.0,1.0,0.0,0.47933521076381275,0.9712972862488607
398,0303751,75.0,2.0,1.0,0.0,0.03459064827042217,0.04672833268547406
399,0303757,50.0,111.0,2.0,0.0,1.1824017158384408,2.395950791972524
400,0303762,25.0,105.0,1.0,0.0,1.1515947725370517,4.667050749896866
401,0303764,37.5,33.0,1.0,0.0,0.41345856398751607,1.117078187065224
402,0303783,45.0,4338.0,1.0,0.0,31.013330321529686,69.82625311613123
403,0303784,25.0,59.0,1.0,0.0,0.6914347229127806,2.8021670634763147
404,0303785,50.0,491.0,1.0,0.0,4.509768778837753,9.138335924696559
405,0303787,75.0,0.0,1.0,0.0,0.0,0.0
406,0303819,25.0,96.0,1.0,0.0,1.06379316688852,4.311218508160162
407,0303834,25.0,8.0,1.0,0.0,0.11797277457693947,0.47810648258131494
408,0303840,25.0,995.0,17.0,1.725,5.373147050034875,28.766553394264943
409,0303846,25.0,953.0,34.0,1.15,4.746483489260244,23.89658962212865
410,0303847,5.0,111.0,6.0,0.3,0.9813723747519404,25.964992396189267
411,0303848,5.0,154.0,5.0,0.0,1.3687900643430424,27.73637415082153
412,0303849,10.0,623.0,16.0,1.6,3.589974070832394,52.583323919274505
413,0303881,5.0,415.0,7.0,0.95,3.034622479292205,80.74209684482685
414,0303882,10.0,219.0,9.0,0.1,1.6180494494020055,17.40678266871333
415,0303883,25.0,471.0,13.0,0.0,2.9229607120699406,11.845838752056496
416,0303884,10.0,40.0,2.0,0.0,0.47915641551713967,4.854674929251669
417,0303885,10.0,309.0,5.0,0.0,2.5350951271084337,25.684854377998317
418,0303886,37.5,47.0,1.0,0.0,0.5653973379831005,1.5275848375092211
419,0303891,25.0,5351.0,48.0,1.9,21.49689666208122,94.82024989698569
420,0303893,50.0,4357.0,63.0,4.55,17.86852136450666,45.4276015491523
421,0303894,50.0,66.0,1.0,0.0,0.7635606484112999,1.5472353564565346
422,0303895,37.5,2868.0,42.0,2.3,12.435137543538685,39.81124631824028
423,0303896,10.0,73.0,4.0,0.7,0.7412553267362099,14.602384262778218
424,0303898,10.0,342.0,6.0,0.325,2.6566607302624177,30.20932857408732
425,0303899,5.0,257.0,8.0,0.4,1.920043768712042,47.01203178747806
426,0303900,25.0,803.0,16.0,0.4,4.494099133419646,19.83424167545956
427,0303901,75.0,10633.0,104.0,3.2,39.84681730761044,58.151728885660845
428,0303902,25.0,102.0,1.0,0.0,1.1224275221491384,4.548845074565911
429,0303903,75.0,4424.0,47.0,4.95,18.176376931291234,31.241306222615645
430,0303904,75.0,2313.0,1.0,0.0,17.77634990141609,24.013981629741423
431,0303905,10.0,11.0,1.0,0.0,0.1563794500538068,1.5843915912239797
432,0303906,50.0,9273.0,63.0,4.1,34.865633056776744,78.95771642710586
433,0303908,50.0,2014.0,1.0,0.0,15.726778956911755,31.867839831634758
434,0303910,37.5,13195.0,101.0,2.475,48.174982352405145,136.84561256982138
435,0303912,37.5,3530.0,36.0,1.55,15.065843877864808,44.89251976457901
436,0303913,25.0,3148.0,1.0,1.65,23.35112913703659,101.32169863034078
437,0303914,30.0,1762.0,10.0,0.95,9.980861191873577,36.91611344773244
438,0303915,5.0,248.0,8.0,0.45,1.8604159415382064,46.81693903826153
439,0303916,15.0,989.0,15.0,1.975,5.471467610092415,50.29697811612574
440,0303917,15.0,188.0,9.0,0.25,1.4136062119601032,11.236786301655544
441,0303921,25.0,2076.0,18.0,1.9,10.19967605368715,49.03617448302796
442,0303922,15.0,586.0,1.0,0.0,5.273956523413464,35.6228066424415
443,0303923,10.0,11.0,2.0,0.1,0.15285749614193847,2.5618793935353446
444,0303925,5.0,46.0,2.0,0.575,0.542244175922609,22.639193027813757
445,0303928,5.0,52.0,2.0,0.35,0.6043898665491452,19.339207022272443
446,0303929,10.0,720.0,11.0,1.9,4.418901528802683,64.02129208513358
447,0303930,15.0,706.0,11.0,2.25,4.342773958410018,44.53072582512677
448,0303931,15.0,351.0,1.0,0.0,3.350764867118379,22.63265698830381
449,0303932,15.0,1138.0,10.0,1.0,6.7785794789365115,52.54021937815948
450,0303933,25.0,3368.0,11.0,1.1,17.310091270432842,74.61029896831953
451,0303934,15.0,52.0,1.0,0.1,0.618315472479585,4.851843785745254
452,0303935,10.0,1516.0,1.0,0.0,12.23111214821163,123.92210889778754
453,0303936,10.0,1247.0,9.0,0.55,7.542938376884851,81.99532296742504
454,0303937,10.0,831.0,5.0,0.3,6.084542265660546,64.68634514347058
455,0303938,15.0,511.0,9.0,1.525,3.424926414497439,33.434153424501446
456,0303939,45.0,4983.0,37.0,2.4,20.40635983313462,51.348327891781196
457,0303940,75.0,2395.0,1.0,0.0,18.332957782517795,24.765900415424237
458,0303941,15.0,198.0,4.0,0.15,1.7925686194933816,13.121030864528075
459,0303942,30.0,2505.0,1.0,0.0,19.076205680068398,64.42487565034921
460,0303943,3.0,143.0,4.0,0.2,1.3440006823760073,52.1445688070249
461,0303944,5.0,228.0,5.0,0.0,1.9371058192071224,39.25239755232265
462,0303945,5.0,69.0,2.0,0.0,0.7763108576695699,15.73071646746849
463,0303946,10.0,401.0,8.0,0.9,2.8464468865393195,37.95792184943586
464,0303947,25.0,1341.0,17.0,5.25,6.997288305128307,49.634400426051904
465,0303949,50.0,5027.0,51.0,4.5,20.313014906948485,50.2796654649412
466,0303950,37.5,8049.0,78.0,2.8,30.845974682785766,90.90435577922528
467,0303951,5.0,208.0,7.0,0.0,1.6467139190105948,33.36806320183576
468,0303953,10.0,206.0,4.0,0.45,1.856519802991665,23.368994964454558
469,0303955,25.0,8404.0,10.0,0.0,39.77616782058462,161.20027485545944
470,0303957,25.0,217.0,3.0,0.0,2.0431371068801307,8.280190909341968
471,0303958,37.5,3298.0,33.0,6.05,14.271655389653272,54.904844011221265
472,0303959,25.0,5921.0,35.0,1.5,23.85485082149287,102.75522116106532
473,0303960,50.0,8289.0,64.0,6.4,31.572481229707428,76.94525071875871
474,0303963,37.5,128.0,1.0,0.0,1.3722333762151537,3.7074863254715393
475,0304027,3.0,88.0,1.0,0.0,0.9849503071909395,33.264110340794986
476,0304044,10.0,321.0,9.0,0.65,2.2696333379280813,29.580884882756653
477,0304069,37.5,1910.0,32.0,3.2,8.822106352948442,32.481205951903924
478,0304070,10.0,239.0,8.0,0.3,1.8005386863265846,21.282053559539868
479,0304071,37.5,1521.0,27.0,1.15,7.325819729255989,22.899884442434278
480,0304073,3.0,25.0,1.0,0.0,0.3233881208950972,10.921584630026924
481,0304077,10.0,492.0,13.0,1.875,3.0380057472786426,49.77716056006731
482,0304078,5.0,31.0,3.0,0.0,0.36507807003382836,7.397731915579096
483,0304079,5.0,138.0,1.0,0.1,1.4666961317969998,31.746628810476192
484,0304080,10.0,359.0,6.0,0.0,2.773202476540686,28.0972895292876
485,0304081,10.0,159.0,3.0,0.6,1.5515547383850687,21.79893351960556
486,0304082,15.0,682.0,13.0,1.6,4.056006541422578,38.203353876545606
487,0304083,15.0,495.0,11.0,1.05,3.1717625395800733,28.515788852280128
488,0304084,5.0,350.0,9.0,0.3,2.450185512438454,55.72817654383899
489,0304085,37.5,670.0,13.0,0.0,3.992782703868148,10.787660125276995
490,0304086,10.0,796.0,19.0,0.25,4.327830803867652,46.38126447687591
491,0304087,37.5,1135.0,20.0,1.1,5.876787809723829,18.849815088750635
492,0304088,37.5,1489.0,28.0,1.45,7.162515673014346,23.269208167549735
493,0304089,37.5,2153.0,32.0,2.25,9.808480328023522,32.579480791688006
494,0304090,5.0,166.0,6.0,0.0,1.4012597591675928,28.39432136104545
495,0304091,25.0,1364.0,28.0,1.35,6.627725233605883,32.3312066204899
496,0304092,15.0,906.0,20.0,0.45,4.814233245336583,35.557131005312954
497,0304093,10.0,1059.0,10.0,0.0,6.360418839681669,64.44193353274234
498,0304094,15.0,628.0,14.0,1.2,3.711866966351857,33.17708183959376
499,0304095,15.0,338.0,12.0,0.0,2.218041609686466,14.98170624577147
500,0304096,10.0,446.0,9.0,0.0,3.0364077996475074,30.764010128140907
501,0304097,15.0,329.0,12.0,0.3,2.165692432730224,16.65445749902211
502,0304098,5.0,42.0,6.0,0.35,0.41523945692369685,15.506371974137728
503,0304099,25.0,85.0,6.0,0.0,0.7749233399568386,3.1405201214056273
504,0304100,10.0,122.0,5.0,0.0,1.1138057518859321,11.284759390941563
505,0304111,25.0,900.0,19.0,0.2,4.824661290532444,20.363368958591465
506,0304112,15.0,551.0,15.0,0.7,3.2604254882301085,26.750594314286445
507,0304113,3.0,86.0,3.0,0.0,0.9006618684478385,30.41748964700569
508,0304114,15.0,302.0,8.0,0.525,2.2147589186357823,18.505632682443647
509,0304117,5.0,103.0,1.0,0.0,1.1321607614749625,22.941454133231257
510,0304118,5.0,20.0,3.0,0.425,0.24770923216045765,13.631392748945444
511,0304119,10.0,85.0,5.0,0.0,0.8089408284162293,8.195955708371118
512,0304120,3.0,0.0,1.0,0.0,0.0,0.0
513,0304121,10.0,94.0,6.0,0.0,0.8471126025305696,8.582701140127352
514,0304122,25.0,303.0,10.0,0.75,2.101500592696717,11.556233405052552
515,0304123,15.0,111.0,7.0,0.0,0.9445891249029202,6.38020347789882
516,0304124,25.0,906.0,25.0,0.7,4.671410903482712,21.76863588037573
517,0304125,10.0,211.0,10.0,0.1,1.5256073189989277,16.470185602826017
518,0304126,10.0,346.0,11.0,0.55,2.3102416642137,28.979145534080047
519,0304132,15.0,362.0,5.0,0.3,2.91633957365446,21.724684725798447
520,0304133,5.0,384.0,2.0,0.2,3.5463969812688902,75.9148324471913
521,0304134,10.0,169.0,2.0,0.1,1.715275753499322,18.391851605869526
522,0304135,5.0,92.0,1.0,0.3,1.024470323270499,26.838304422907783
523,0304136,5.0,295.0,6.0,0.4,2.3308561761594437,55.33649799715186
524,0304137,10.0,112.0,4.0,0.3,1.0826424363228564,14.008535322420027
525,0304140,15.0,238.0,6.0,0.65,1.9274965055303517,17.409635295713286
526,0304141,10.0,132.0,6.0,0.0,1.1440128996238017,11.590809519997993
527,0304142,15.0,16.0,2.0,0.0,0.21296115801909626,1.4384407836480666
528,0304143,10.0,141.0,11.0,0.0,1.043840106109093,10.575887599889494
529,0304151,5.0,232.0,8.0,0.125,1.7537883520240063,38.07068595793326
530,0304480,15.0,82.0,1.0,0.0,0.9252783797925254,6.249769535917092
531,0304613,10.0,30.0,1.0,0.0,0.38001388529578417,3.8501913403828185
532,0304674,50.0,841.0,1.0,0.0,7.260919325145187,14.713109068176669
533,0304755,25.0,56.0,1.0,0.0,0.6602274229109832,2.6756937098722724
534,0304761,15.0,2329.0,2.0,0.15,17.482325917998367,119.09710177641584
535,0304762,25.0,3620.0,28.0,2.7,15.722111166119763,74.65901181811454
536,0304763,50.0,5900.0,48.0,1.9,23.437693330564937,51.34284362829774
537,0304764,15.0,1512.0,14.0,0.65,8.077955439649553,58.95275541809898
538,0304766,150.0,120.0,1.0,0.0,1.2960523918379665,0.8754153271448607
539,0304793,5.0,81.0,1.0,0.0,0.9152851091313178,18.54681072201252
540,0304821,25.0,774.0,20.0,0.75,4.187978301690738,20.012070118300866
541,0304924,75.0,194.0,1.0,0.0,1.9826757104091834,2.678386640201531
542,0304926,5.0,89.0,1.0,2.4,0.9948493281995063,68.79127311447836
543,0304927,15.0,153.0,1.0,0.0,1.606937817098639,10.85402105436433
544,0304928,15.0,385.0,10.0,0.6,2.597679315447329,21.598644481238292
545,0304929,10.0,1243.0,23.0,3.5,6.244259039910413,98.72602877315516
546,0304930,37.5,2640.0,20.0,1.05,12.404753766186642,36.35191831458735
547,0304931,5.0,26.0,1.0,0.0,0.33481011347898104,6.784399462593335
548,0304932,5.0,629.0,2.0,2.0,5.48858047425508,151.7442851926055
549,0304933,10.0,741.0,24.0,0.25,3.9292932882642178,42.343397044217
550,0304935,5.0,147.0,5.0,0.25,1.3135809678528767,31.683504921030938
551,0305099,25.0,180.0,1.0,0.0,1.855510097790389,7.519797762068444
552,0305191,25.0,0.0,1.0,0.0,0.0,0.0
553,0305416,10.0,83.0,1.0,0.0,0.9352576449570728,9.475761347082805
554,0305502,10.0,54.0,1.0,0.0,0.6393160868895075,6.477366635152052
555,0305548,25.0,8.0,1.0,0.0,0.11797277457693947,0.47810648258131494
556,0305973,50.0,53.0,1.0,0.0,0.628827172237683,1.2742191939973313
557,0306454,25.0,22.0,1.0,0.0,0.2887960358825522,1.170399334883697
558,0306792,75.0,366.0,1.0,5.6,3.4771859465393558,12.262324818020067
559,0306958,5.0,127.0,11.0,0.0,0.9515713494183299,19.282094213137384
560,0307058,25.0,39.0,1.0,0.0,0.47933521076381275,1.9425945724977214
561,0307102,25.0,1151.0,23.0,0.975,5.83345193481342,27.5925103741172
562,0307115,25.0,8271.0,19.0,7.15,34.35587842308705,168.21024690207514
563,0307158,15.0,705.0,14.0,0.8,4.111927857596606,33.17749312797437
564,0307176,15.0,665.0,9.0,0.6,4.324101747244737,33.25972135930251
565,0307179,37.5,2893.0,36.0,2.85,12.632991740205625,41.83179126026511
566,0307230,15.0,426.0,9.0,0.65,2.9155886007765095,24.083678492242548
567,0307275,5.0,34.0,1.0,0.0,0.42452766474620446,8.602384290703231
568,0307293,10.0,367.0,9.0,1.35,2.5552195125642436,39.56656041098525
569,0307334,25.0,1606.0,18.0,0.65,8.126901168299426,35.570014866461705
570,0307347,50.0,3245.0,51.0,2.65,13.789262346405662,33.311575170021605
571,0307369,5.0,146.0,2.0,0.0,1.5069765433745173,30.536505438186772
572,0307411,5.0,291.0,18.0,1.65,1.7921958602545514,69.75067599300002
573,0307925,10.0,364.0,8.0,0.5,2.612733051714827,31.537315620211015
574,0307977,15.0,2006.0,26.0,1.8,9.397400496877573,75.63255992487386
575,0307978,15.0,692.0,10.0,2.05,4.364622470245776,43.327406080687446
576,0307979,15.0,374.0,6.0,1.75,2.875506544185988,31.242867573022547
577,0307980,15.0,2125.0,14.0,1.75,10.917187641430576,85.56020021229705
578,0308053,10.0,69.0,5.0,0.0,0.6726086550830346,6.814677356464384
579,0308062,10.0,607.0,13.0,1.8,3.6586550674133456,55.30552246619398
580,0308066,10.0,230.0,10.0,0.2,1.6465765478689953,18.70898224791282
581,0308095,15.0,42.0,1.0,0.0,0.5118265108973706,3.4571192900869345
582,0308114,15.0,716.0,17.0,1.875,4.015626620469797,39.78808929733061
583,0308118,15.0,709.0,15.0,1.15,4.075463732499312,35.29526330631079
584,0308244,37.5,977.0,16.0,1.05,5.345964610019382,17.280552813291138
585,0308288,5.0,72.0,2.0,0.0,0.8061084513740504,16.334517758339423
586,0308293,5.0,108.0,8.0,0.1,0.8914568743166583,20.090311536305133
587,0308301,25.0,894.0,8.0,2.34,5.787007148619763,32.936199183869356
588,0308303,25.0,1105.0,16.0,2.915,5.961355297200717,35.97307111327545
589,0308305,15.0,656.0,3.0,2.19,5.438642908945508,51.52747658862214
590,0308307,15.0,720.0,10.0,1.8,4.520558043845503,42.69205027926716
591,0308308,15.0,1414.0,10.0,1.2,8.214866649016995,63.59247989879767
592,0308309,15.0,54.0,1.0,1.56,0.6393160868895075,14.855225173181411
593,0308310,15.0,61.0,2.0,0.96,0.6960991749821512,11.18608020926816
594,0308312,15.0,380.0,6.0,1.2,2.91629514857746,27.803412013356706
595,0308313,15.0,457.0,9.0,2.67,3.1025914077587013,38.9908234228889
596,0308314,15.0,141.0,2.0,1.8,1.4612116622401328,22.027772119149834
597,0308637,25.0,3.0,1.0,0.0,0.04952214706680486,0.20069765781886467
598,0309023,15.0,2.0,1.0,0.0,0.03459064827042217,0.2336416634273703
599,0309771,3.0,184.0,3.0,0.4,1.7656085380859763,73.13774191442
600,0309926,5.0,134.0,2.0,0.0,1.3968248786983926,28.30445549540816
601,OID3283,15.0,241.0,6.0,0.15,1.9489831079222628,14.177528591166922
602,OID39429,10.0,21.0,1.0,0.0,0.27714766947022756,2.807980440427838
603,OID47425,5.0,47.0,1.0,0.0,0.5653973379831005,11.45688628131916
604,OID58307,10.0,241.0,5.0,0.25,2.03453932614765,23.146295097747213
